2010:08:08 11:32:57,balloon2-image-001.jpg
2010:08:08 11:33:17,balloon2-image-002.jpg
2010:08:08 11:33:37,balloon2-image-003.jpg
2010:08:08 11:33:57,balloon2-image-004.jpg
2010:08:08 11:34:17,balloon2-image-005.jpg
2010:08:08 11:34:37,balloon2-image-006.jpg
2010:08:08 11:34:57,balloon2-image-007.jpg
2010:08:08 11:35:17,balloon2-image-008.jpg
2010:08:08 11:35:37,balloon2-image-009.jpg
2010:08:08 11:35:57,balloon2-image-010.jpg
2010:08:08 11:36:17,balloon2-image-011.jpg
2010:08:08 11:36:37,balloon2-image-012.jpg
2010:08:08 11:36:57,balloon2-image-013.jpg
2010:08:08 11:37:17,balloon2-image-014.jpg
2010:08:08 11:37:37,balloon2-image-015.jpg
2010:08:08 11:37:57,balloon2-image-016.jpg
2010:08:08 11:38:17,balloon2-image-017.jpg
2010:08:08 11:38:37,balloon2-image-018.jpg
2010:08:08 11:38:57,balloon2-image-019.jpg
2010:08:08 11:39:17,balloon2-image-020.jpg
2010:08:08 11:39:37,balloon2-image-021.jpg
2010:08:08 11:39:57,balloon2-image-022.jpg
2010:08:08 11:40:17,balloon2-image-023.jpg
2010:08:08 11:40:37,balloon2-image-024.jpg
2010:08:08 11:40:46,balloon2-image-025.jpg
2010:08:08 11:40:57,balloon2-image-026.jpg
2010:08:08 11:41:17,balloon2-image-027.jpg
2010:08:08 11:41:37,balloon2-image-028.jpg
2010:08:08 11:41:57,balloon2-image-029.jpg
2010:08:08 11:42:17,balloon2-image-030.jpg
2010:08:08 11:42:37,balloon2-image-031.jpg
2010:08:08 11:42:57,balloon2-image-032.jpg
2010:08:08 11:43:17,balloon2-image-033.jpg
2010:08:08 11:43:37,balloon2-image-034.jpg
2010:08:08 11:43:57,balloon2-image-035.jpg
2010:08:08 11:44:17,balloon2-image-036.jpg
2010:08:08 11:44:37,balloon2-image-037.jpg
2010:08:08 11:44:57,balloon2-image-038.jpg
2010:08:08 11:45:17,balloon2-image-039.jpg
2010:08:08 11:45:37,balloon2-image-040.jpg
2010:08:08 11:45:57,balloon2-image-041.jpg
2010:08:08 11:46:17,balloon2-image-042.jpg
2010:08:08 11:46:37,balloon2-image-043.jpg
2010:08:08 11:46:57,balloon2-image-044.jpg
2010:08:08 11:47:17,balloon2-image-045.jpg
2010:08:08 11:47:37,balloon2-image-046.jpg
2010:08:08 11:47:57,balloon2-image-047.jpg
2010:08:08 11:48:17,balloon2-image-048.jpg
2010:08:08 11:48:37,balloon2-image-049.jpg
2010:08:08 11:48:57,balloon2-image-050.jpg
2010:08:08 11:49:17,balloon2-image-051.jpg
2010:08:08 11:49:37,balloon2-image-052.jpg
2010:08:08 11:49:57,balloon2-image-053.jpg
2010:08:08 11:50:17,balloon2-image-054.jpg
2010:08:08 11:50:37,balloon2-image-055.jpg
2010:08:08 11:50:57,balloon2-image-056.jpg
2010:08:08 11:51:17,balloon2-image-057.jpg
2010:08:08 11:51:37,balloon2-image-058.jpg
2010:08:08 11:51:57,balloon2-image-059.jpg
2010:08:08 11:52:17,balloon2-image-060.jpg
2010:08:08 11:52:37,balloon2-image-061.jpg
2010:08:08 11:52:57,balloon2-image-062.jpg
2010:08:08 11:53:17,balloon2-image-063.jpg
2010:08:08 11:53:37,balloon2-image-064.jpg
2010:08:08 11:53:57,balloon2-image-065.jpg
2010:08:08 11:54:17,balloon2-image-066.jpg
2010:08:08 11:54:37,balloon2-image-067.jpg
2010:08:08 11:54:57,balloon2-image-068.jpg
2010:08:08 11:55:17,balloon2-image-069.jpg
2010:08:08 11:55:37,balloon2-image-070.jpg
2010:08:08 11:55:57,balloon2-image-071.jpg
2010:08:08 11:56:17,balloon2-image-072.jpg
2010:08:08 11:56:37,balloon2-image-073.jpg
2010:08:08 11:56:57,balloon2-image-074.jpg
2010:08:08 11:57:17,balloon2-image-075.jpg
2010:08:08 11:57:37,balloon2-image-076.jpg
2010:08:08 11:57:57,balloon2-image-077.jpg
2010:08:08 11:58:17,balloon2-image-078.jpg
2010:08:08 11:58:37,balloon2-image-079.jpg
2010:08:08 11:58:57,balloon2-image-080.jpg
2010:08:08 11:59:17,balloon2-image-081.jpg
2010:08:08 11:59:37,balloon2-image-082.jpg
2010:08:08 11:59:57,balloon2-image-083.jpg
2010:08:08 12:00:17,balloon2-image-084.jpg
2010:08:08 12:00:37,balloon2-image-085.jpg
2010:08:08 12:00:57,balloon2-image-086.jpg
2010:08:08 12:01:17,balloon2-image-087.jpg
2010:08:08 12:01:37,balloon2-image-088.jpg
2010:08:08 12:01:57,balloon2-image-089.jpg
2010:08:08 12:02:17,balloon2-image-090.jpg
2010:08:08 12:02:37,balloon2-image-091.jpg
2010:08:08 12:02:57,balloon2-image-092.jpg
2010:08:08 12:03:17,balloon2-image-093.jpg
2010:08:08 12:03:37,balloon2-image-094.jpg
2010:08:08 12:03:57,balloon2-image-095.jpg
2010:08:08 12:04:17,balloon2-image-096.jpg
2010:08:08 12:04:37,balloon2-image-097.jpg
2010:08:08 12:04:57,balloon2-image-098.jpg
2010:08:08 12:05:17,balloon2-image-099.jpg
2010:08:08 12:05:37,balloon2-image-100.jpg
2010:08:08 12:05:57,balloon2-image-101.jpg
2010:08:08 12:06:17,balloon2-image-102.jpg
2010:08:08 12:06:37,balloon2-image-103.jpg
2010:08:08 12:06:57,balloon2-image-104.jpg
2010:08:08 12:07:17,balloon2-image-105.jpg
2010:08:08 12:07:37,balloon2-image-106.jpg
2010:08:08 12:07:58,balloon2-image-107.jpg
2010:08:08 12:11:38,balloon2-image-108.jpg
2010:08:08 12:11:58,balloon2-image-109.jpg
2010:08:08 12:12:18,balloon2-image-110.jpg
2010:08:08 12:12:37,balloon2-image-111.jpg
2010:08:08 12:12:57,balloon2-image-112.jpg
2010:08:08 12:13:17,balloon2-image-113.jpg
2010:08:08 12:13:37,balloon2-image-114.jpg
2010:08:08 12:13:57,balloon2-image-115.jpg
2010:08:08 12:14:17,balloon2-image-116.jpg
2010:08:08 12:14:37,balloon2-image-117.jpg
2010:08:08 12:14:57,balloon2-image-118.jpg
2010:08:08 12:15:17,balloon2-image-119.jpg
2010:08:08 12:15:27,balloon2-image-120.jpg
2010:08:08 12:15:37,balloon2-image-121.jpg
2010:08:08 12:15:57,balloon2-image-122.jpg
2010:08:08 12:16:17,balloon2-image-123.jpg
2010:08:08 12:16:37,balloon2-image-124.jpg
2010:08:08 12:16:57,balloon2-image-125.jpg
2010:08:08 12:17:17,balloon2-image-126.jpg
2010:08:08 12:17:37,balloon2-image-127.jpg
2010:08:08 12:17:57,balloon2-image-128.jpg
2010:08:08 12:18:17,balloon2-image-129.jpg
2010:08:08 12:18:37,balloon2-image-130.jpg
2010:08:08 12:18:57,balloon2-image-131.jpg
2010:08:08 12:19:17,balloon2-image-132.jpg
2010:08:08 12:19:37,balloon2-image-133.jpg
2010:08:08 12:19:57,balloon2-image-134.jpg
2010:08:08 12:20:17,balloon2-image-135.jpg
2010:08:08 12:20:37,balloon2-image-136.jpg
2010:08:08 12:20:57,balloon2-image-137.jpg
2010:08:08 12:21:17,balloon2-image-138.jpg
2010:08:08 12:21:37,balloon2-image-139.jpg
2010:08:08 12:21:57,balloon2-image-140.jpg
2010:08:08 12:22:17,balloon2-image-141.jpg
2010:08:08 12:22:37,balloon2-image-142.jpg
2010:08:08 12:22:57,balloon2-image-143.jpg
2010:08:08 12:23:17,balloon2-image-144.jpg
2010:08:08 12:23:37,balloon2-image-145.jpg
2010:08:08 12:23:57,balloon2-image-146.jpg
2010:08:08 12:24:17,balloon2-image-147.jpg
2010:08:08 12:24:37,balloon2-image-148.jpg
2010:08:08 12:24:57,balloon2-image-149.jpg
2010:08:08 12:25:17,balloon2-image-150.jpg
2010:08:08 12:25:37,balloon2-image-151.jpg
2010:08:08 12:25:57,balloon2-image-152.jpg
2010:08:08 12:26:17,balloon2-image-153.jpg
2010:08:08 12:26:37,balloon2-image-154.jpg
2010:08:08 12:26:57,balloon2-image-155.jpg
2010:08:08 12:27:17,balloon2-image-156.jpg
2010:08:08 12:27:37,balloon2-image-157.jpg
2010:08:08 12:27:57,balloon2-image-158.jpg
2010:08:08 12:28:17,balloon2-image-159.jpg
2010:08:08 12:28:37,balloon2-image-160.jpg
2010:08:08 12:28:57,balloon2-image-161.jpg
2010:08:08 12:29:17,balloon2-image-162.jpg
2010:08:08 12:29:37,balloon2-image-163.jpg
2010:08:08 12:29:57,balloon2-image-164.jpg
2010:08:08 12:30:17,balloon2-image-165.jpg
2010:08:08 12:30:37,balloon2-image-166.jpg
2010:08:08 12:30:57,balloon2-image-167.jpg
2010:08:08 12:31:17,balloon2-image-168.jpg
2010:08:08 12:31:37,balloon2-image-169.jpg
2010:08:08 12:31:57,balloon2-image-170.jpg
2010:08:08 12:32:17,balloon2-image-171.jpg
2010:08:08 12:32:37,balloon2-image-172.jpg
2010:08:08 12:32:57,balloon2-image-173.jpg
2010:08:08 12:33:17,balloon2-image-174.jpg
2010:08:08 12:33:37,balloon2-image-175.jpg
2010:08:08 12:33:57,balloon2-image-176.jpg
2010:08:08 12:34:17,balloon2-image-177.jpg
2010:08:08 12:34:37,balloon2-image-178.jpg
2010:08:08 12:34:57,balloon2-image-179.jpg
2010:08:08 12:35:17,balloon2-image-180.jpg
2010:08:08 12:35:37,balloon2-image-181.jpg
2010:08:08 12:35:57,balloon2-image-182.jpg
2010:08:08 12:36:17,balloon2-image-183.jpg
2010:08:08 12:36:37,balloon2-image-184.jpg
2010:08:08 12:36:57,balloon2-image-185.jpg
2010:08:08 12:37:17,balloon2-image-186.jpg
2010:08:08 12:37:37,balloon2-image-187.jpg
2010:08:08 12:37:57,balloon2-image-188.jpg
2010:08:08 12:38:17,balloon2-image-189.jpg
2010:08:08 12:38:37,balloon2-image-190.jpg
2010:08:08 12:38:57,balloon2-image-191.jpg
2010:08:08 12:39:17,balloon2-image-192.jpg
2010:08:08 12:39:37,balloon2-image-193.jpg
2010:08:08 12:39:57,balloon2-image-194.jpg
2010:08:08 12:40:17,balloon2-image-195.jpg
2010:08:08 12:40:37,balloon2-image-196.jpg
2010:08:08 12:40:57,balloon2-image-197.jpg
2010:08:08 12:41:17,balloon2-image-198.jpg
2010:08:08 12:41:37,balloon2-image-199.jpg
2010:08:08 12:41:57,balloon2-image-200.jpg
2010:08:08 12:42:17,balloon2-image-201.jpg
2010:08:08 12:42:37,balloon2-image-202.jpg
2010:08:08 12:42:57,balloon2-image-203.jpg
2010:08:08 12:43:17,balloon2-image-204.jpg
2010:08:08 12:43:37,balloon2-image-205.jpg
2010:08:08 12:43:57,balloon2-image-206.jpg
2010:08:08 12:44:17,balloon2-image-207.jpg
2010:08:08 12:44:37,balloon2-image-208.jpg
2010:08:08 12:44:57,balloon2-image-209.jpg
2010:08:08 12:45:17,balloon2-image-210.jpg
2010:08:08 12:45:37,balloon2-image-211.jpg
2010:08:08 12:45:57,balloon2-image-212.jpg
2010:08:08 12:46:17,balloon2-image-213.jpg
2010:08:08 12:46:37,balloon2-image-214.jpg
2010:08:08 12:46:57,balloon2-image-215.jpg
2010:08:08 12:47:17,balloon2-image-216.jpg
2010:08:08 12:47:37,balloon2-image-217.jpg
2010:08:08 12:47:57,balloon2-image-218.jpg
2010:08:08 12:48:17,balloon2-image-219.jpg
2010:08:08 12:48:37,balloon2-image-220.jpg
2010:08:08 12:48:57,balloon2-image-221.jpg
2010:08:08 12:49:17,balloon2-image-222.jpg
2010:08:08 12:49:37,balloon2-image-223.jpg
2010:08:08 12:49:57,balloon2-image-224.jpg
2010:08:08 12:50:17,balloon2-image-225.jpg
2010:08:08 12:50:37,balloon2-image-226.jpg
2010:08:08 12:50:57,balloon2-image-227.jpg
2010:08:08 12:51:17,balloon2-image-228.jpg
2010:08:08 12:51:37,balloon2-image-229.jpg
2010:08:08 12:51:57,balloon2-image-230.jpg
2010:08:08 12:52:17,balloon2-image-231.jpg
2010:08:08 12:52:37,balloon2-image-232.jpg
2010:08:08 12:52:57,balloon2-image-233.jpg
2010:08:08 12:53:17,balloon2-image-234.jpg
2010:08:08 12:53:37,balloon2-image-235.jpg
2010:08:08 12:53:57,balloon2-image-236.jpg
2010:08:08 12:54:17,balloon2-image-237.jpg
2010:08:08 12:54:37,balloon2-image-238.jpg
2010:08:08 12:54:57,balloon2-image-239.jpg
2010:08:08 12:55:17,balloon2-image-240.jpg
2010:08:08 12:55:37,balloon2-image-241.jpg
2010:08:08 12:55:57,balloon2-image-242.jpg
2010:08:08 12:56:17,balloon2-image-243.jpg
2010:08:08 12:56:37,balloon2-image-244.jpg
2010:08:08 12:56:57,balloon2-image-245.jpg
2010:08:08 12:57:17,balloon2-image-246.jpg
2010:08:08 12:57:37,balloon2-image-247.jpg
2010:08:08 12:57:57,balloon2-image-248.jpg
2010:08:08 12:58:17,balloon2-image-249.jpg
2010:08:08 12:58:37,balloon2-image-250.jpg
2010:08:08 12:58:57,balloon2-image-251.jpg
2010:08:08 12:59:17,balloon2-image-252.jpg
2010:08:08 12:59:37,balloon2-image-253.jpg
2010:08:08 12:59:57,balloon2-image-254.jpg
2010:08:08 13:00:17,balloon2-image-255.jpg
2010:08:08 13:00:37,balloon2-image-256.jpg
2010:08:08 13:00:57,balloon2-image-257.jpg
2010:08:08 13:01:17,balloon2-image-258.jpg
2010:08:08 13:01:37,balloon2-image-259.jpg
2010:08:08 13:01:57,balloon2-image-260.jpg
2010:08:08 13:02:17,balloon2-image-261.jpg
2010:08:08 13:02:37,balloon2-image-262.jpg
2010:08:08 13:02:57,balloon2-image-263.jpg
2010:08:08 13:03:17,balloon2-image-264.jpg
2010:08:08 13:03:37,balloon2-image-265.jpg
2010:08:08 13:03:57,balloon2-image-266.jpg
2010:08:08 13:04:17,balloon2-image-267.jpg
2010:08:08 13:04:37,balloon2-image-268.jpg
2010:08:08 13:04:57,balloon2-image-269.jpg
2010:08:08 13:05:17,balloon2-image-270.jpg
2010:08:08 13:05:37,balloon2-image-271.jpg
2010:08:08 13:05:57,balloon2-image-272.jpg
2010:08:08 13:06:17,balloon2-image-273.jpg
2010:08:08 13:06:37,balloon2-image-274.jpg
2010:08:08 13:06:57,balloon2-image-275.jpg
2010:08:08 13:07:17,balloon2-image-276.jpg
2010:08:08 13:07:37,balloon2-image-277.jpg
2010:08:08 13:07:57,balloon2-image-278.jpg
2010:08:08 13:08:17,balloon2-image-279.jpg
2010:08:08 13:08:37,balloon2-image-280.jpg
2010:08:08 13:08:57,balloon2-image-281.jpg
2010:08:08 13:09:17,balloon2-image-282.jpg
2010:08:08 13:09:37,balloon2-image-283.jpg
2010:08:08 13:09:57,balloon2-image-284.jpg
2010:08:08 13:10:17,balloon2-image-285.jpg
2010:08:08 13:10:37,balloon2-image-286.jpg
2010:08:08 13:10:57,balloon2-image-287.jpg
2010:08:08 13:11:17,balloon2-image-288.jpg
2010:08:08 13:11:37,balloon2-image-289.jpg
2010:08:08 13:11:57,balloon2-image-290.jpg
2010:08:08 13:12:17,balloon2-image-291.jpg
2010:08:08 13:12:37,balloon2-image-292.jpg
2010:08:08 13:12:57,balloon2-image-293.jpg
2010:08:08 13:13:17,balloon2-image-294.jpg
2010:08:08 13:13:37,balloon2-image-295.jpg
2010:08:08 13:13:57,balloon2-image-296.jpg
2010:08:08 13:14:17,balloon2-image-297.jpg
2010:08:08 13:14:37,balloon2-image-298.jpg
2010:08:08 13:14:57,balloon2-image-299.jpg
2010:08:08 13:15:17,balloon2-image-300.jpg
2010:08:08 13:15:37,balloon2-image-301.jpg
2010:08:08 13:15:57,balloon2-image-302.jpg
2010:08:08 13:16:17,balloon2-image-303.jpg
2010:08:08 13:16:37,balloon2-image-304.jpg
2010:08:08 13:16:57,balloon2-image-305.jpg
2010:08:08 13:17:17,balloon2-image-306.jpg
2010:08:08 13:17:37,balloon2-image-307.jpg
2010:08:08 13:17:57,balloon2-image-308.jpg
2010:08:08 13:18:17,balloon2-image-309.jpg
2010:08:08 13:18:37,balloon2-image-310.jpg
2010:08:08 13:18:57,balloon2-image-311.jpg
2010:08:08 13:19:17,balloon2-image-312.jpg
2010:08:08 13:19:37,balloon2-image-313.jpg
2010:08:08 13:19:57,balloon2-image-314.jpg
2010:08:08 13:20:17,balloon2-image-315.jpg
2010:08:08 13:20:37,balloon2-image-316.jpg
2010:08:08 13:20:57,balloon2-image-317.jpg
2010:08:08 13:21:17,balloon2-image-318.jpg
2010:08:08 13:21:37,balloon2-image-319.jpg
2010:08:08 13:21:57,balloon2-image-320.jpg
2010:08:08 13:22:17,balloon2-image-321.jpg
2010:08:08 13:22:37,balloon2-image-322.jpg
2010:08:08 13:22:57,balloon2-image-323.jpg
2010:08:08 13:23:17,balloon2-image-324.jpg
2010:08:08 13:23:37,balloon2-image-325.jpg
2010:08:08 13:23:57,balloon2-image-326.jpg
2010:08:08 13:24:17,balloon2-image-327.jpg
2010:08:08 13:24:37,balloon2-image-328.jpg
2010:08:08 13:24:57,balloon2-image-329.jpg
2010:08:08 13:25:17,balloon2-image-330.jpg
2010:08:08 13:25:37,balloon2-image-331.jpg
2010:08:08 13:25:57,balloon2-image-332.jpg
2010:08:08 13:26:17,balloon2-image-333.jpg
2010:08:08 13:26:37,balloon2-image-334.jpg
2010:08:08 13:26:57,balloon2-image-335.jpg
2010:08:08 13:27:17,balloon2-image-336.jpg
2010:08:08 13:27:37,balloon2-image-337.jpg
2010:08:08 13:27:57,balloon2-image-338.jpg
2010:08:08 13:28:17,balloon2-image-339.jpg
2010:08:08 13:28:37,balloon2-image-340.jpg
2010:08:08 13:28:57,balloon2-image-341.jpg
2010:08:08 13:29:17,balloon2-image-342.jpg
2010:08:08 13:29:37,balloon2-image-343.jpg
2010:08:08 13:29:57,balloon2-image-344.jpg
2010:08:08 13:30:17,balloon2-image-345.jpg
2010:08:08 13:30:37,balloon2-image-346.jpg
2010:08:08 13:30:57,balloon2-image-347.jpg
2010:08:08 13:31:17,balloon2-image-348.jpg
2010:08:08 13:31:37,balloon2-image-349.jpg
2010:08:08 13:31:57,balloon2-image-350.jpg
2010:08:08 13:32:17,balloon2-image-351.jpg
2010:08:08 13:32:37,balloon2-image-352.jpg
2010:08:08 13:32:57,balloon2-image-353.jpg
2010:08:08 13:33:17,balloon2-image-354.jpg
2010:08:08 13:33:37,balloon2-image-355.jpg
2010:08:08 13:33:57,balloon2-image-356.jpg
2010:08:08 13:34:17,balloon2-image-357.jpg
2010:08:08 13:34:37,balloon2-image-358.jpg
2010:08:08 13:34:57,balloon2-image-359.jpg
2010:08:08 13:35:17,balloon2-image-360.jpg
2010:08:08 13:35:37,balloon2-image-361.jpg
2010:08:08 13:35:57,balloon2-image-362.jpg
2010:08:08 13:36:17,balloon2-image-363.jpg
2010:08:08 13:36:37,balloon2-image-364.jpg
2010:08:08 13:36:57,balloon2-image-365.jpg
2010:08:08 13:37:17,balloon2-image-366.jpg
2010:08:08 13:37:37,balloon2-image-367.jpg
2010:08:08 13:37:57,balloon2-image-368.jpg
2010:08:08 13:38:17,balloon2-image-369.jpg
2010:08:08 13:38:37,balloon2-image-370.jpg
2010:08:08 13:38:57,balloon2-image-371.jpg
2010:08:08 13:39:17,balloon2-image-372.jpg
2010:08:08 13:39:37,balloon2-image-373.jpg
2010:08:08 13:39:57,balloon2-image-374.jpg
2010:08:08 13:40:17,balloon2-image-375.jpg
2010:08:08 13:40:37,balloon2-image-376.jpg
2010:08:08 13:40:57,balloon2-image-377.jpg
2010:08:08 13:41:17,balloon2-image-378.jpg
2010:08:08 13:41:37,balloon2-image-379.jpg
2010:08:08 13:41:57,balloon2-image-380.jpg
2010:08:08 13:42:17,balloon2-image-381.jpg
2010:08:08 13:42:37,balloon2-image-382.jpg
2010:08:08 13:42:57,balloon2-image-383.jpg
2010:08:08 13:43:17,balloon2-image-384.jpg
2010:08:08 13:43:37,balloon2-image-385.jpg
2010:08:08 13:43:57,balloon2-image-386.jpg
2010:08:08 13:44:17,balloon2-image-387.jpg
2010:08:08 13:44:37,balloon2-image-388.jpg
2010:08:08 13:44:57,balloon2-image-389.jpg
2010:08:08 13:45:17,balloon2-image-390.jpg
2010:08:08 13:45:37,balloon2-image-391.jpg
2010:08:08 13:45:57,balloon2-image-392.jpg
2010:08:08 13:46:17,balloon2-image-393.jpg
2010:08:08 13:46:37,balloon2-image-394.jpg
2010:08:08 13:46:57,balloon2-image-395.jpg
2010:08:08 13:47:17,balloon2-image-396.jpg
2010:08:08 13:47:37,balloon2-image-397.jpg
2010:08:08 13:47:57,balloon2-image-398.jpg
2010:08:08 13:48:17,balloon2-image-399.jpg
2010:08:08 13:48:37,balloon2-image-400.jpg
2010:08:08 13:48:57,balloon2-image-401.jpg
2010:08:08 13:49:17,balloon2-image-402.jpg
2010:08:08 13:49:37,balloon2-image-403.jpg
2010:08:08 13:49:57,balloon2-image-404.jpg
2010:08:08 13:50:17,balloon2-image-405.jpg
2010:08:08 13:50:37,balloon2-image-406.jpg
2010:08:08 13:50:57,balloon2-image-407.jpg
2010:08:08 13:51:17,balloon2-image-408.jpg
2010:08:08 13:51:37,balloon2-image-409.jpg
2010:08:08 13:51:57,balloon2-image-410.jpg
2010:08:08 13:52:17,balloon2-image-411.jpg
2010:08:08 13:52:37,balloon2-image-412.jpg
2010:08:08 13:52:57,balloon2-image-413.jpg
2010:08:08 13:53:17,balloon2-image-414.jpg
2010:08:08 13:53:37,balloon2-image-415.jpg
2010:08:08 13:53:57,balloon2-image-416.jpg
2010:08:08 13:54:17,balloon2-image-417.jpg
2010:08:08 13:54:37,balloon2-image-418.jpg
2010:08:08 13:54:57,balloon2-image-419.jpg
2010:08:08 13:55:17,balloon2-image-420.jpg
2010:08:08 13:55:37,balloon2-image-421.jpg
2010:08:08 13:55:57,balloon2-image-422.jpg
2010:08:08 13:56:17,balloon2-image-423.jpg
2010:08:08 13:56:37,balloon2-image-424.jpg
2010:08:08 13:56:57,balloon2-image-425.jpg
2010:08:08 13:57:17,balloon2-image-426.jpg
2010:08:08 13:57:37,balloon2-image-427.jpg
2010:08:08 13:57:57,balloon2-image-428.jpg
2010:08:08 13:58:17,balloon2-image-429.jpg
2010:08:08 13:58:37,balloon2-image-430.jpg
2010:08:08 13:58:57,balloon2-image-431.jpg
2010:08:08 13:59:17,balloon2-image-432.jpg
2010:08:08 13:59:37,balloon2-image-433.jpg
2010:08:08 13:59:57,balloon2-image-434.jpg
2010:08:08 14:00:17,balloon2-image-435.jpg
2010:08:08 14:00:37,balloon2-image-436.jpg
2010:08:08 14:00:57,balloon2-image-437.jpg
2010:08:08 14:01:18,balloon2-image-438.jpg
2010:08:08 14:47:37,balloon2-image-439.jpg
2010:08:08 14:47:57,balloon2-image-440.jpg
2010:08:08 14:48:17,balloon2-image-441.jpg
2010:08:08 14:48:37,balloon2-image-442.jpg
2010:08:08 14:48:57,balloon2-image-443.jpg
2010:08:08 14:49:17,balloon2-image-444.jpg
2010:08:08 14:49:37,balloon2-image-445.jpg
2010:08:08 14:49:57,balloon2-image-446.jpg
2010:08:08 14:50:17,balloon2-image-447.jpg
2010:08:08 14:50:37,balloon2-image-448.jpg
2010:08:08 14:50:57,balloon2-image-449.jpg
2010:08:08 14:51:17,balloon2-image-450.jpg
2010:08:08 14:51:37,balloon2-image-451.jpg
2010:08:08 14:51:57,balloon2-image-452.jpg
2010:08:08 14:52:17,balloon2-image-453.jpg
2010:08:08 14:52:37,balloon2-image-454.jpg
2010:08:08 14:52:57,balloon2-image-455.jpg
2010:08:08 14:53:17,balloon2-image-456.jpg
2010:08:08 14:53:37,balloon2-image-457.jpg
2010:08:08 14:53:57,balloon2-image-458.jpg
2010:08:08 14:54:17,balloon2-image-459.jpg
2010:08:08 14:54:37,balloon2-image-460.jpg
2010:08:08 14:54:57,balloon2-image-461.jpg
2010:08:08 14:55:17,balloon2-image-462.jpg
2010:08:08 14:55:37,balloon2-image-463.jpg
2010:08:08 14:55:57,balloon2-image-464.jpg
2010:08:08 14:56:17,balloon2-image-465.jpg
2010:08:08 14:56:37,balloon2-image-466.jpg
2010:08:08 14:56:57,balloon2-image-467.jpg
2010:08:08 14:57:17,balloon2-image-468.jpg
2010:08:08 14:57:37,balloon2-image-469.jpg
2010:08:08 14:57:57,balloon2-image-470.jpg
2010:08:08 14:58:17,balloon2-image-471.jpg
2010:08:08 14:58:37,balloon2-image-472.jpg
2010:08:08 14:58:57,balloon2-image-473.jpg
2010:08:08 14:59:17,balloon2-image-474.jpg
2010:08:08 14:59:37,balloon2-image-475.jpg
2010:08:08 14:59:57,balloon2-image-476.jpg
2010:08:08 15:00:17,balloon2-image-477.jpg
2010:08:08 15:00:37,balloon2-image-478.jpg
2010:08:08 15:00:57,balloon2-image-479.jpg
2010:08:08 15:01:17,balloon2-image-480.jpg
2010:08:08 15:01:37,balloon2-image-481.jpg
2010:08:08 15:01:57,balloon2-image-482.jpg
2010:08:08 15:02:17,balloon2-image-483.jpg
2010:08:08 15:02:37,balloon2-image-484.jpg
2010:08:08 15:02:57,balloon2-image-485.jpg
2010:08:08 15:03:17,balloon2-image-486.jpg
2010:08:08 15:03:37,balloon2-image-487.jpg
2010:08:08 15:03:57,balloon2-image-488.jpg
2010:08:08 15:04:17,balloon2-image-489.jpg
2010:08:08 15:04:37,balloon2-image-490.jpg
2010:08:08 15:04:57,balloon2-image-491.jpg
2010:08:08 15:05:17,balloon2-image-492.jpg
2010:08:08 15:05:37,balloon2-image-493.jpg
2010:08:08 15:05:57,balloon2-image-494.jpg
2010:08:08 15:06:17,balloon2-image-495.jpg
2010:08:08 15:06:37,balloon2-image-496.jpg
